Workbook

Sheet Tabelle1
A1: Spot | B1: E_soll | C1: A_Monitor | D1: E_Mess | E1: Faktor | F1: Verhältnis | H1: Spot | I1: Faktoren gewählt
A2: 1 | B2: 0.1 | C2: 3.69e-09 | D2: 0.1 | E2: =Tabelle1[[#This Row],[E_Mess]]/Tabelle1[[#This Row],[A_Monitor]] -> 27100271 | F2: =Tabelle1[[#This Row],[E_Mess]]/Tabelle1[[#This Row],[E_soll]] -> 1 | H2: 1 | I2: =SUM(E3:E5)/3 -> 24114865
A3: 1 | B3: 1 | C3: 4.06e-08 | D3: 0.98 | E3: =Tabelle1[[#This Row],[E_Mess]]/Tabelle1[[#This Row],[A_Monitor]] -> 24137931 | F3: =Tabelle1[[#This Row],[E_Mess]]/Tabelle1[[#This Row],[E_soll]] -> 0.98 | H3: 2 | I3: =SUM(E7:E9)/3 -> 24115658
A4: 1 | B4: 10 | C4: 4.12e-07 | D4: 9.97 | E4: =Tabelle1[[#This Row],[E_Mess]]/Tabelle1[[#This Row],[A_Monitor]] -> 24199029 | F4: =Tabelle1[[#This Row],[E_Mess]]/Tabelle1[[#This Row],[E_soll]] -> 0.997 | H4: 3 | I4: =SUM(E11:E13)/3 -> 36320836
A5: 1 | B5: 31.6 | C5: 1.31e-06 | D5: 31.45 | E5: =Tabelle1[[#This Row],[E_Mess]]/Tabelle1[[#This Row],[A_Monitor]] -> 24007634 | F5: =Tabelle1[[#This Row],[E_Mess]]/Tabelle1[[#This Row],[E_soll]] -> 0.99525316 | H5: 4 | I5: =SUM(E15:E17)/3 -> 26994122
A6: 2 | B6: 0.1 | C6: 3.64e-09 | D6: 0.1 | E6: =Tabelle1[[#This Row],[E_Mess]]/Tabelle1[[#This Row],[A_Monitor]] -> 27472527 | F6: =Tabelle1[[#This Row],[E_Mess]]/Tabelle1[[#This Row],[E_soll]] -> 1 | H6: 5 | I6: =SUM(E19:E21)/3 -> 12624416
A7: 2 | B7: 1 | C7: 4.26e-08 | D7: 1.03 | E7: =Tabelle1[[#This Row],[E_Mess]]/Tabelle1[[#This Row],[A_Monitor]] -> 24178404 | F7: =Tabelle1[[#This Row],[E_Mess]]/Tabelle1[[#This Row],[E_soll]] -> 1.03
A8: 2 | B8: 10 | C8: 4.28e-07 | D8: 10.36 | E8: =Tabelle1[[#This Row],[E_Mess]]/Tabelle1[[#This Row],[A_Monitor]] -> 24205607 | F8: =Tabelle1[[#This Row],[E_Mess]]/Tabelle1[[#This Row],[E_soll]] -> 1.036
A9: 2 | B9: 31.6 | C9: 1.35e-06 | D9: 32.35 | E9: =Tabelle1[[#This Row],[E_Mess]]/Tabelle1[[#This Row],[A_Monitor]] -> 23962963 | F9: =Tabelle1[[#This Row],[E_Mess]]/Tabelle1[[#This Row],[E_soll]] -> 1.0237342
A10: 3 | B10: 0.1 | C10: 2.42e-09 | D10: 0.1 | E10: =Tabelle1[[#This Row],[E_Mess]]/Tabelle1[[#This Row],[A_Monitor]] -> 41322314 | F10: =Tabelle1[[#This Row],[E_Mess]]/Tabelle1[[#This Row],[E_soll]] -> 1
A11: 3 | B11: 1 | C11: 2.76e-08 | D11: 1.01 | E11: =Tabelle1[[#This Row],[E_Mess]]/Tabelle1[[#This Row],[A_Monitor]] -> 36594203 | F11: =Tabelle1[[#This Row],[E_Mess]]/Tabelle1[[#This Row],[E_soll]] -> 1.01
A12: 3 | B12: 10 | C12: 2.85e-07 | D12: 10.37 | E12: =Tabelle1[[#This Row],[E_Mess]]/Tabelle1[[#This Row],[A_Monitor]] -> 36385965 | F12: =Tabelle1[[#This Row],[E_Mess]]/Tabelle1[[#This Row],[E_soll]] -> 1.037
A13: 3 | B13: 31.6 | C13: 9.06e-07 | D13: 32.6 | E13: =Tabelle1[[#This Row],[E_Mess]]/Tabelle1[[#This Row],[A_Monitor]] -> 35982340 | F13: =Tabelle1[[#This Row],[E_Mess]]/Tabelle1[[#This Row],[E_soll]] -> 1.0316456
A14: 4 | B14: 0.1 | C14: 3.31e-09 | D14: 0.1 | E14: =Tabelle1[[#This Row],[E_Mess]]/Tabelle1[[#This Row],[A_Monitor]] -> 30211480 | F14: =Tabelle1[[#This Row],[E_Mess]]/Tabelle1[[#This Row],[E_soll]] -> 1
A15: 4 | B15: 1 | C15: 3.81e-08 | D15: 1.03 | E15: =Tabelle1[[#This Row],[E_Mess]]/Tabelle1[[#This Row],[A_Monitor]] -> 27034121 | F15: =Tabelle1[[#This Row],[E_Mess]]/Tabelle1[[#This Row],[E_soll]] -> 1.03
A16: 4 | B16: 10 | C16: 3.8e-07 | D16: 10.31 | E16: =Tabelle1[[#This Row],[E_Mess]]/Tabelle1[[#This Row],[A_Monitor]] -> 27131579 | F16: =Tabelle1[[#This Row],[E_Mess]]/Tabelle1[[#This Row],[E_soll]] -> 1.031
A17: 4 | B17: 31.6 | C17: 1.2e-06 | D17: 32.18 | E17: =Tabelle1[[#This Row],[E_Mess]]/Tabelle1[[#This Row],[A_Monitor]] -> 26816667 | F17: =Tabelle1[[#This Row],[E_Mess]]/Tabelle1[[#This Row],[E_soll]] -> 1.0183544
A18: 5 | B18: 0.1 | C18: 9.22e-09 | D18: 0.13 | E18: =Tabelle1[[#This Row],[E_Mess]]/Tabelle1[[#This Row],[A_Monitor]] -> 14099783 | F18: =Tabelle1[[#This Row],[E_Mess]]/Tabelle1[[#This Row],[E_soll]] -> 1.3
... A21: 5 | B21: 31.6 | C21: 2.64e-06 | D21: 33.3 | E21: =Tabelle1[[#This Row],[E_Mess]]/Tabelle1[[#This Row],[A_Monitor]] -> 12613636 | F21: =Tabelle1[[#This Row],[E_Mess]]/Tabelle1[[#This Row],[E_soll]] -> 1.0537975
A23: Anmerkungen: Faktor=E_Mess/A_Monitor
A24: Faktoren Gewählt: Mittelwert für E_soll 1, 10 und 31,6lx

Sheet Tabelle2
A1: E_soll | B1: Spot1 | C1: Spot2 | D1: Spot3 | E1: Spot4 | F1: Spot5
A2: 0.1 | B2: =Tabelle1[[#This Row],[Verhältnis]] -> 1 | C2: =Tabelle1!F6 -> 1 | D2: =Tabelle1!F10 -> 1 | E2: =Tabelle1!F14 -> 1 | F2: =Tabelle1!F18 -> 1.3
A3: 1 | B3: =Tabelle1[[#This Row],[Verhältnis]] -> 0.98 | C3: =Tabelle1!F7 -> 1.03 | D3: =Tabelle1!F11 -> 1.01 | E3: =Tabelle1!F15 -> 1.03 | F3: =Tabelle1!F19 -> 0.96
A4: 10 | B4: =Tabelle1[[#This Row],[Verhältnis]] -> 0.997 | C4: =Tabelle1!F8 -> 1.036 | D4: =Tabelle1!F12 -> 1.037 | E4: =Tabelle1!F16 -> 1.031 | F4: =Tabelle1!F20 -> 1.06
A5: 31.6 | B5: =Tabelle1[[#This Row],[Verhältnis]] -> 0.99525316 | C5: =Tabelle1!F9 -> 1.0237342 | D5: =Tabelle1!F13 -> 1.0316456 | E5: =Tabelle1!F17 -> 1.0183544 | F5: =Tabelle1!F21 -> 1.0537975
A8: E_soll | B8: Faktor 1 | C8: Faktor 2 | D8: Faktor 3 | E8: Faktor 4 | F8: Faktor 5
A9: 0.1 | B9: =Tabelle1!E2 -> 27100271 | C9: =Tabelle1!E6 -> 27472527 | D9: =Tabelle1!E10 -> 41322314 | E9: =Tabelle1!E14 -> 30211480 | F9: =Tabelle1!E18 -> 14099783
A10: 1 | B10: =Tabelle1!E3 -> 24137931 | C10: =Tabelle1!E7 -> 24178404 | D10: =Tabelle1!E11 -> 36594203 | E10: =Tabelle1!E15 -> 27034121 | F10: =Tabelle1!E19 -> 12715232
A11: 10 | B11: =Tabelle1!E4 -> 24199029 | C11: =Tabelle1!E8 -> 24205607 | D11: =Tabelle1!E12 -> 36385965 | E11: =Tabelle1!E16 -> 27131579 | F11: =Tabelle1!E20 -> 12544379
A12: 31.6 | B12: =Tabelle1!E5 -> 24007634 | C12: =Tabelle1!E9 -> 23962963 | D12: =Tabelle1!E13 -> 35982340 | E12: =Tabelle1!E17 -> 26816667 | F12: =Tabelle1!E21 -> 12613636

Sheet Berk
A1: Spot | B1: E_ideal | C1: A_Monitor | D1: E_Measured | E1: Factor | F1: Ratio | H1: Faktoren Chosen | K1: Max_E (100% Dimming)
A2: 1 | B2: 0.1 | C2: 3.933e-09 | D2: 0.1 | E2: =Tabelle15[[#This Row],[E_Measured]]/Tabelle15[[#This Row],[A_Monitor]] -> 25425884 | F2: =Tabelle15[[#This Row],[E_Measured]]/Tabelle15[[#This Row],[E_ideal]] -> 1 | H2: Spot 1 | I2: =SUM(E3:E5)/3 -> 24330240 | K2: Spot 1 (Only Center) | L2: 170.2
A3: 1 | B3: 1 | C3: 4.106e-08 | D3: 1 | E3: =Tabelle15[[#This Row],[E_Measured]]/Tabelle15[[#This Row],[A_Monitor]] -> 24354603 | F3: =Tabelle15[[#This Row],[E_Measured]]/Tabelle15[[#This Row],[E_ideal]] -> 1 | H3: Diffus | I3: =SUM(E7:E9)/3 -> 27537654 | K3: Diffus | L3: 434
A4: 1 | B4: 10 | C4: 4.119e-07 | D4: 10.01 | E4: =Tabelle15[[#This Row],[E_Measured]]/Tabelle15[[#This Row],[A_Monitor]] -> 24302015 | F4: =Tabelle15[[#This Row],[E_Measured]]/Tabelle15[[#This Row],[E_ideal]] -> 1.001
A5: 1 | B5: 31.6 | C5: 1.299e-06 | D5: 31.61 | E5: =Tabelle15[[#This Row],[E_Measured]]/Tabelle15[[#This Row],[A_Monitor]] -> 24334103 | F5: =Tabelle15[[#This Row],[E_Measured]]/Tabelle15[[#This Row],[E_ideal]] -> 1.0003165
A6: Diffus | B6: 0.1 | C6: 3.476e-09 | D6: 0.1 | E6: =Tabelle15[[#This Row],[E_Measured]]/Tabelle15[[#This Row],[A_Monitor]] -> 28768700 | F6: =Tabelle15[[#This Row],[E_Measured]]/Tabelle15[[#This Row],[E_ideal]] -> 1
A7: Diffus | B7: 1 | C7: 3.616e-08 | D7: 1 | E7: =Tabelle15[[#This Row],[E_Measured]]/Tabelle15[[#This Row],[A_Monitor]] -> 27654867 | F7: =Tabelle15[[#This Row],[E_Measured]]/Tabelle15[[#This Row],[E_ideal]] -> 1
A8: Diffus | B8: 10 | C8: 3.647e-07 | D8: 10.01 | E8: =Tabelle15[[#This Row],[E_Measured]]/Tabelle15[[#This Row],[A_Monitor]] -> 27447217 | F8: =Tabelle15[[#This Row],[E_Measured]]/Tabelle15[[#This Row],[E_ideal]] -> 1.001
A9: Diffus | B9: 31.6 | C9: 1.149e-06 | D9: 31.61 | E9: =Tabelle15[[#This Row],[E_Measured]]/Tabelle15[[#This Row],[A_Monitor]] -> 27510879 | F9: =Tabelle15[[#This Row],[E_Measured]]/Tabelle15[[#This Row],[E_ideal]] -> 1.0003165
A11: Anmerkungen: Faktor=E_Mess/A_Monitor
A12: Faktoren Gewählt: Mittelwert für E_soll 1, 10 und 31,6lx
